<?xml version="1.0" encoding="UTF-8"?>
<project-private xmlns="http://www.netbeans.org/ns/project-private/1">
    <editor-bookmarks xmlns="http://www.netbeans.org/ns/editor-bookmarks/2" lastBookmarkId="0"/>
    <open-files xmlns="http://www.netbeans.org/ns/projectui-open-files/2">
        <group>
            <file>file:/D:/DBMSL/Employee%20Management%20System/src/main/MyConnection.java</file>
            <file>file:/D:/DBMSL/Employee%20Management%20System/src/main/Client.java</file>
            <file>file:/D:/DBMSL/Employee%20Management%20System/src/main/Owner.java</file>
            <file>file:/D:/DBMSL/Employee%20Management%20System/src/main/signupForm.java</file>
            <file>file:/D:/DBMSL/Employee%20Management%20System/src/main/loginForm.java</file>
        </group>
    </open-files>
</project-private>
